file_name,label
4a_000077.JPG,0
shutterstock_744024775.jpg,0
13a_000011.jpg,0
istock_92042022.jpg,0
shutterstock_561148741.jpg,0
istock_471843021.jpg,0
ExtKtujW8AE7oGm.jpg,0
shutterstock_1087143089.jpg,0
13a_000006.jpg,0
shutterstock_1086622100.jpg,0
Ewj_Yb7WUAIZu1x.jpg,0
istock_183285069.jpg,0
Ew0pjhwVEAAcv__.jpg,0
shutterstock_428319046.jpg,0
shutterstock_744024820.jpg,0
shutterstock_436374961.jpg,0
shutterstock_1087513262.jpg,0
ExP1ESOXIAUesci.jpg,0
istock_464077429.jpg,0
shutterstock_753744376.jpg,0
shutterstock_1563717556.jpg,0
istock_466233118.jpg,0
shutterstock_744024799.jpg,0
istock_121101708.jpg,0
4a_000064.JPG,0
shutterstock_1687379254.jpg,0
shutterstock_1085928401.jpg,0
istock_470529945.jpg,0
shutterstock_752636353.jpg,0
istock_184920649.jpg,0
shutterstock_1564114288.jpg,0
shutterstock_1087484108.jpg,0
shutterstock_1087513274.jpg,0
istock_114410695.jpg,0
Ew1tcgsVoAECGhy.jpg,0
5a_000091.JPG,0
shutterstock_427946428.jpg,0
shutterstock_1087581599.jpg,0
5a_000090.JPG,0
shutterstock_749477839.jpg,0
shutterstock_1088100191.jpg,0
Ew10M6mUcAs5QQA.jpg,0
shutterstock_1562560576.jpg,0
istock_465960706.jpg,0
ExsTwC_XEAAk3rJ.jpg,0
shutterstock_1682113471.jpg,0
Ex3d8x0WgAQPqrn.jpg,0
5a_000086.JPG,0
shutterstock_432090472.jpg,0
5a_000079.JPG,0
ExvbsfBVoAEDclv.jpg,0
ExRYRnpXMAAxHNA.jpg,0
14a_000054.jpg,0
shutterstock_747740374.jpg,0
shutterstock_1563744550.jpg,0
shutterstock_1087612202.jpg,0
istock_473211582.jpg,0
Ew1gGEmUUAEJ_a4.jpg,0
4a_000006.JPG,0
shutterstock_754354960.jpg,0
14a_000050.jpg,0
istock_185079949.jpg,0
istock_467253014.jpg,0
5a_000083.JPG,0
ExR-SPAWgAo5CZs.jpg,0
shutterstock_744024739.jpg,0
14a_000051.jpg,0
shutterstock_564875203.jpg,0
shutterstock_556842964.jpg,0
shutterstock_433015384.jpg,0
shutterstock_437479204.jpg,0
14a_000053.jpg,0
shutterstock_1680684922.jpg,0
EwqrPRkVIAEgSUY.jpg,0
ExNZyFPWQAA96jj.jpg,0
Eww14yFUYAI4eX_.jpg,0
IMG_4967.JPG,0
shutterstock_744024904.jpg,0
shutterstock_564841792.jpg,0
shutterstock_1687100839.jpg,0
shutterstock_427946434.jpg,0
ExX0RgLWYAAd4nl.jpg,0
4a_000020.JPG,0
IMG_4966.JPG,0
istock_183889573.jpg,0
Exp5VqQVIA0p_9a.jpg,0
5a_000110.JPG,0
istock_471244447.jpg,0
IMG_4964.JPG,0
shutterstock_433015360.jpg,0
Ew03ih3VgAEDkzZ.jpg,0
istock_467365554.jpg,0
shutterstock_1686546556.jpg,0
shutterstock_744024709.jpg,0
shutterstock_570313189.jpg,0
EwL_bLrXMAgnKMx.jpg,0
IMG_4965.JPG,0
shutterstock_1681799275.jpg,0
shutterstock_754086307.jpg,0
istock_182922592.jpg,0
ExPIMRCXAAI35mC.jpg,0
shutterstock_561148738.jpg,0
Ew3AcKtUYAAOmoL.jpg,0
shutterstock_437479192.jpg,0
Eww2fU9VgAQcbS0.jpg,0
Ex3d8GTXIAIznT5.jpg,0
shutterstock_744024691.jpg,0
shutterstock_753067777.jpg,0
shutterstock_427946425.jpg,0
Ew12TRFVIAEyWbf.jpg,0
istock_108220875.jpg,0
istock_466233987.jpg,0
shutterstock_556842985.jpg,0
shutterstock_556842991.jpg,0
istock_184970410.jpg,0
IMG_4963.JPG,0
shutterstock_751061860.jpg,0
shutterstock_747968842.jpg,0
shutterstock_560018281.jpg,0
istock_183275810.jpg,0
istock_473204692.jpg,0
istock_466414849.jpg,0
shutterstock_1561666525.jpg,0
istock_184341046.jpg,0
istock_471978907.jpg,0
istock_97781347.jpg,0
13a_000023.jpg,0
Ewrem5LWgAIo1YC.jpg,0
shutterstock_1087513256.jpg,0
shutterstock_1690221835.jpg,0
shutterstock_565041466.jpg,0
4a_000090.JPG,0
Exp193YVIAMAdEa.jpg,0
shutterstock_1087143092.jpg,0
ExQICFpXAAEaS4U.jpg,0
shutterstock_1087513268.jpg,0
shutterstock_1087513283.jpg,0
istock_119538564.jpg,0
shutterstock_1565015665.jpg,0
shutterstock_1562161180.jpg,0
EwWbUJDVEAIRCdL.jpg,0
shutterstock_577526371.jpg,0
Ewxup-rWEAAOxjz.jpg,0
ExPFC07VgAUAzhT.jpg,0
Ex7HWDPWUAEjzvL.png,0
2_000095.JPG,0
2_000081.JPG,0
2_000056.JPG,0
Ex9lpP9U8Ak5Dlg.jpg,0
2_000042.JPG,0
ExZmsCZXMAMPkSR.jpg,0
shutterstock_1110184370.jpg,0
2_000043.JPG,0
EwMsiohVoAQ7fq_.jpg,0
ExY0tGbXIAAXocO.jpg,0
2_000094.JPG,0
istock_95620664.jpg,0
EwX2-lhWEAAZNI2.jpg,0
Ev9_BuBU8AcYhTm.jpg,0
Ex6ILmFWYAY0iPi.jpg,0
EwMVeQNWgAMkG_q.jpg,0
ExJHj4OXEAEv30J.jpg,0
ExpYeW6XIAMf0qN.jpg,0
Ev9ms_DXcAEs8wq.jpg,0
EyXjt8gWYAIrP4D.jpg,0
Ex0JCyiWEAIeJM4.jpg,0
ExXt0VgW8AI4-YL.jpg,0
ExTFL0tVoAEbVRE.jpg,0
Ex76Qv7XAAIQEGP.jpg,0
ExMar2xVEBImLra.jpg,0
Ex8461AVgAMzpgu.jpg,0
EwukZB0VIAMOX7k.jpg,0
2_000082.JPG,0
shutterstock_1081798406.jpg,0
2_000096.JPG,0
Ex5um5DU8AMN1vl.jpg,0
Ex5GAoZXEA0QlgM.jpg,0
2_000055.JPG,0
shutterstock_577524820.jpg,0
2_000069.JPG,0
2_000068.JPG,0
2_000054.JPG,0
2_000040.JPG,0
EwxNGDCWUAEgAKV.jpg,0
2_000083.JPG,0
EwNtY32WUAQKkzy.jpg,0
ExvsxZqUcAcKkuk.jpg,0
shutterstock_577526575.jpg,0
ExyZE9GUUAMM3-m.jpg,0
EwlVuNnVcAoWc8J.jpg,0
EyTeB3lWEAEPJbP.png,0
ExtTeoMVcAAMJ66.jpg,0
Exu8RtrXIAEYZ7K.jpg,0
shutterstock_577524772.jpg,0
ExUzx3hW8Ac3m5o.jpg,0
Ex_lhSqWgAMHiZG.jpg,0
EwymleJXEAke1dy.jpg,0
EwLx0K2XAAMPL3C.png,0
Ex-k3ulXEAImk_7.jpg,0
ExQf0IcWYAEZux8.jpg,0
EyLhUoQVcAIYnCt.jpg,0
ExHEE-2WEAAFYKj.jpg,0
Exva3M3WUAA2mPx.jpg,0
ExH8JdSXMAMgiI5.jpg,0
EwoFjE1XMAIr_xo.jpg,0
ExYE2syUYAQwiLr.jpg,0
2_000093.JPG,0
shutterstock_1081798403.jpg,0
shutterstock_1564791742.jpg,0
ExqMregWQAEOiZE.jpg,0
EwmlOBgVoAI9z6k.jpg,0
2_000050.JPG,0
EyQtvcjXMAE6Idu.jpg,0
ExcIDKdWYAIcuAv.jpg,0
2_000079.JPG,0
2_000092.JPG,0
ExI0ye-VoAE8eEY.jpg,0
EwwC43_XAAQnptg.jpg,0
2_000086.JPG,0
EwXwXHKXAAALSCd.jpg,0
ExOyx6HXEAIeZSv.jpg,0
istock_92400630.jpg,0
Ex4DnbtVIAED04Z.jpg,0
EwH4PwqXIAAJr6E.jpg,0
Exm_QVAXIAcj2af.jpg,0
EwYk-HqXMAQ2-5C.jpg,0
ExXyOIbWgAAZK-K.jpg,0
Exf7HKDXMAIaoHV.jpg,0
ExEfICGWgAAq0Yi.jpg,0
EwsE4UWVgAU8O-I.jpg,0
ExNZMmuWYAAk14d.jpg,0
shutterstock_1111079648.jpg,0
shutterstock_1081798400.jpg,0
2_000090.JPG,0
2_000084.JPG,0
ExEw6K2UUAECShp.jpg,0
2_000053.JPG,0
2_000047.JPG,0
2_000085.JPG,0
2_000091.JPG,0
shutterstock_577526407.jpg,0
ExELLgoVoAMLVqx.jpg,0
ExV0sN2WUAAWJuS.png,0
Ex0MBmSWgAIh-oq.jpg,0
EyQBlmDXIAQ7WgH.jpg,0
shutterstock_1653915691.jpg,0
ExHI45bXIAQgEtG.jpg,0
ExkGb2pWgAQ-P5i.jpg,0
shutterstock_1498035413.jpg,0
ExVhmJnU8AEFb65.jpg,0
Exy-7PpVgAQKfkA.png,0
Ev9-IzoVcAANk0X.jpg,0
shutterstock_1314011609.jpg,0
ExQoMQKXIA04O26.jpg,0
ExaZCpeWQAQxTn1.jpg,0
ExnKvybWUAMSOix.jpg,0
2_000035.JPG,0
2_000021.JPG,0
Ex-3oxDW8AI18gA.jpg,0
ExwTiR7XMAQO0Mx.jpg,0
Ev3_yM3WYAM5cBS.jpg,0
EwgqRZYVkAE_X0n.jpg,0
2_000008.JPG,0
Ex4K0JTWEAAz_N7.jpg,0
shutterstock_1766611811.jpg,0
ExZbghgWQAELjPv.jpg,0
Ex4P-vNVEAYn_4L.jpg,0
Ex3m9fFVIAU71Es.jpg,0
Exfz-p2WUAAE26e.jpg,0
ExJmBgtWgAMCZOR.jpg,0
EwmMTYhU8AUsBww.jpg,0
EyMg0zIUcAASIxu.jpg,0
ExUghpTWYAM9BRh.jpg,0
ExLqgZWUcBA6zf2.jpg,0
ExpLd1PWEAEQwQG.jpg,0
EwmlwCfVcAgtXEz.jpg,0
Ex0in9QU8AIBMF_.jpg,0
ExIQGBQVcAIVom2.jpg,0
EyOWskUWQAMPXEy.jpg,0
ExT60fZU4AY5358.jpg,0
2_000022.JPG,0
ExQM0ibWEAcP3Zz.jpg,0
shutterstock_1314075986.jpg,0
2_000037.JPG,0
2_000023.JPG,0
EwvJWTyVEAAmePC.jpg,0
Exy9QVuVoA0FBIE.jpg,0
ExrCFpaWYAYptUz.jpg,0
Exf6_K1WQAMCnx5.jpg,0
ExJ-iHzWEAQ6x1s.jpg,0
Exii54XXAAEGkBV.jpg,0
EwX936-W8AIuOEO.jpg,0
ExL-2IpUcAIfQPO.jpg,0
EyJj1m4WgAIBuFp.jpg,0
shutterstock_1710081964.jpg,0
istock_146795667.jpg,0
EwL7I7AWYAEu7ss.jpg,0
ExZRmqyU4AArq_l.jpg,0
2_000027.JPG,0
2_000032.JPG,0
2_000026.JPG,0
Ewmjt0dVkAoWI1y.jpg,0
Ev0-s53XMAEoE5j.png,0
ExqsKaFXAAwSaW_.jpg,0
EyRzGvkXIAQblzK.jpg,0
EwgbzAIVIAQAZLo.jpg,0
EwNIDFBXEAETFAL.jpg,0
ExrHEFYWYAAviqI.jpg,0
EwL1RtOXEAI4tKd.jpg,0
ExnBooJXEAUAEt2.jpg,0
EyRGtvLW8AA1JYJ.jpg,0
EwwlLy6WUAQtd9k.jpg,0
2_000030.JPG,0
2_000024.JPG,0
2_000025.JPG,0
2_000031.JPG,0
shutterstock_1189261087.jpg,0
2_000019.JPG,0
Exeztd4WgAUnClb.jpg,0
EwvbS68WUAASsKA.png,0
Ev9md8sXYAcG4Ii.jpg,0
EwXOBFGWgAA43LE.jpg,0
ExHQzWJWYAcblZ1.jpg,0
Ex1OnYjWEAMfest.jpg,0
EyL9E-EXAAIclSx.jpg,0
ExU1z_FUYAQIWoV.jpg,0
shutterstock_1034205958.jpg,0
EwXbrf6W8AApPZP.jpg,0
ExJHkYzW8AIjRX-.jpg,0
shutterstock_1034205964.jpg,0
Ex1C2kiWgAQu2I2.jpg,0
EwXgugZVgAE5ost.jpg,0
EwNyY72XEAEr1EX.jpg,0
shutterstock_577526509.jpg,0
ExPgwA2WQAYg38d.jpg,0
Eww4gfRUYAEmPdQ.jpg,0
EyCLVO6VcAEa2Kx.jpg,0
2_000014.JPG,0
2_000000.JPG,0
ExVA47WVgAMeYn6.jpg,0
ExqtsEkXMAEaT95.jpg,0
2_000029.JPG,0
2_000001.JPG,0
2_000015.JPG,0
Ex3sp8MVgAIift9.jpg,0
ExZuslQXAAIMflj.png,0
Ev34IrxUcAUG9I1.jpg,0
Ewv_d-hU8AMjynR.jpg,0
EyLGs_SXAAMMJN2.jpg,0
ExWh5XnVoAQDTgX.jpg,0
EyAxXadXIAk52Kq.jpg,0
Exe4SVrWgAAo5xs.jpg,0
EwmmUHsVgAY4cc0.jpg,0
2_000003.JPG,0
2_000017.JPG,0
shutterstock_577524862.jpg,0
ExlI1KnXIAE7uQq.jpg,0
2_000016.JPG,0
shutterstock_1396703030.jpg,0
Ex0hm3gU8AAaAyv.jpg,0
EwiQvvqXMAARUHt.jpg,0
EyPVmikWgAMpbA1.jpg,0
EwvxfxaWgAMtXJp.jpg,0
Ev5jJrjXEAMJw0g.jpg,0
shutterstock_1313472917.jpg,0
EwWQ3pKXEAM-hBk.jpg,0
EyBkE8jXMAM2Ftz.jpg,0
Ewmk1VQVcAY8pI_.jpg,0
shutterstock_1534003979.jpg,0
Ex19w-XXAAM4pK3.jpg,0
ExpysPOUYAMFnOQ.jpg,0
Ewfr0IwVgAQ09W6.jpg,0
EyTmM6YXAAEQidZ.jpg,0
ExPLGdhVoAcU2qI.jpg,0
Ex30jWUVgAA-1ik.jpg,0
EwnJwU1WQAEHwDr.jpg,0
ExNjd40VoAAe63V.jpg,0
shutterstock_577526527.jpg,0
EwMy1eHU8AYmnln.jpg,0
Ev9rQGXVcA0Z9Kg.jpg,0
EwReJIGWEAYW1ws.jpg,0
2_000006.JPG,0
2_000012.JPG,0
2_000013.JPG,0
2_000007.JPG,0
shutterstock_1189261066.jpg,0
EwyHi6DXIAYHTwN.jpg,0
shutterstock_577526446.jpg,0
Ewfngx9VgAcLmzY.jpg,0
Ex40G0-U8AIAZCo.jpg,0
Exu3mD3XEAAJeVV.png,0
shutterstock_1189261138.jpg,0
shutterstock_1034205961.jpg,0
ExGT3h6W8AQVlpk.jpg,0
2_000005.JPG,0
2_000010.JPG,0
2_000038.JPG,0
EwxvYGxW8AAOVSt.jpg,0
Ev8dTxKWEAIQnO6.jpg,0
shutterstock_1157127862.jpg,0
shutterstock_1457027873.jpg,0
EwNbcGjVgAk56QL.jpg,0
ExUP1ZdVoAIx6xl.jpg,0
EwlZ56OW8AE_T1O.jpg,0
EwwGhGzXAAIvWnX.jpg,0
shutterstock_1157915830.jpg,0
Ex1Dt32W8AkC1zD.jpg,0
EwqwQslXAAARnq9.jpg,0
Ex4V7OYWYAQzm-8.jpg,0
ExV4pYJW8AQGGEc.jpg,0
EwKAp9OXcAc2UIy.jpg,0
EwJiZ57XEAQ4rQb.jpg,0
EyNdhOpWEAYC2Qv.jpg,0
2_000088.JPG,0
ExElCyYWgAQRbkN.jpg,0
Ex-a7VLXAAEeHdA.jpg,0
ExQDrFeWYAI-C3d.jpg,0
Exake0QUYAYeybc.jpg,0
2_000062.JPG,0
2_000076.JPG,0
ExaFXCMU4AMa8kq.jpg,0
Ev8yI4wXEAAOrij.jpg,0
ExO6jjkXMAAv0vJ.jpg,0
ExnAT5HWgAA87nb.jpg,0
Ex53TQ1XMAIWtjV.png,0
shutterstock_1189261177.jpg,0
Ewm23VmXIAAqlty.jpg,0
shutterstock_712406449.jpg,0
Ev_vzKlXIAEQBoQ.jpg,0
Ewn1SwgW8AE_ywi.jpg,0
ExoCqLxXIAUWPEa.jpg,0
Ewmio4OVcAY-E5k.jpg,0
shutterstock_1366806803.jpg,0
Ex1YJmkXIAg0ehk.jpg,0
EwNEY16WYAEUoZJ.jpg,0
Ex5pd6HWYAA9qDt.jpg,0
EwRAd5rWgAE4Am7.jpg,0
Ewso7crUcAg7_xH.jpg,0
Ev2Qt5VXYAcHNtN.jpg,0
EwvDedxVEAEzZ1C.jpg,0
Ewvzm8nWQAE5uL9.jpg,0
2_000060.JPG,0
2_000074.JPG,0
Ex_t5KsW8Aoziiz.jpg,0
2_000048.JPG,0
shutterstock_1083070547.jpg,0
2_000049.JPG,0
Ewv1CHtWYAAE0CE.jpg,0
EwiC9UZWQAkNFYK.png,0
Exst0YIXAAM9qkw.jpg,0
2_000061.JPG,0
EwqfPsQXMAAJK7Z.jpg,0
EyBjTcPXAAIWsEJ.jpg,0
Ex9WrfvU4AEnD-t.jpg,0
Ex3jyfVWYAIPmrL.jpg,0
ExLRAnKVEBAPM8_.jpg,0
Ex-N9isVcAQHSCO.jpg,0
Ex0a8mAWEAgb3Tb.jpg,0
ExiBs5VXMAMZvA-.jpg,0
ExvGIeFWYAMvkcF.jpg,0
EwrP5TKXMAQ1flh.jpg,0
EwstErMUUAEtqs4.jpg,0
000001.jpg,0
2_000059.JPG,0
shutterstock_1110184343.jpg,0
2_000065.JPG,0
2_000071.JPG,0
2_000070.JPG,0
2_000064.JPG,0
ExpC2niU8AczGBm.jpg,0
shutterstock_577524805.jpg,0
2_000058.JPG,0
EwYavToWEA8oJu_.jpg,0
Exsyc27WQAUaplQ.jpg,0
shutterstock_577526545.jpg,0
shutterstock_1370101835.jpg,0
EwnX575XMAcDowz.jpg,0
EwVhDZ3VgAAx0s6.jpg,0
istock_146802380.jpg,0
ExFuGmLWQAIQO27.jpg,0
ExPGOmCVEAsCZwU.jpg,0
shutterstock_1189261165.jpg,0
Ewv-6CFVoAM0ldt.jpg,0
ExBQPnMXMAMskBr.jpg,0
ExFzNsOWQAURNFA.jpg,0
ExVQcL1XAAM48aq.jpg,0
shutterstock_1344808148.jpg,0
EwgFyWoWQAAFxdY.jpg,0
EwNY-WzWYAEnBw_.jpg,0
2_000099.JPG,0
ExQHLshW8AEcPMg.jpg,0
EyM9l2uVcAIDN8m.jpg,0
shutterstock_1610447641.jpg,0
2_000072.JPG,0
2_000067.JPG,0
2_000073.JPG,0
Exr9VinWgAEkJBr.jpg,0
ExLpoh-UcAEFsxb.jpg,0
2_000098.JPG,0
istock_124682065.jpg,0
EwJBsZ7XAAAdC06.jpg,0
EyMeFUJVEAIGTgH.jpg,0
shutterstock_1157127034.jpg,0
EwxkvVYWQAA2MzC.png,0
ExkJxAWWUAcWsSY.jpg,0
